timestamp,id,goal,context,is_replan,ok,fail_reason,plan_time_ms,nodes_expanded,nodes_generated,open_list_max,path_len_m,path_cost_grid,w
2025-08-31 02:03:26,cb5846,Street Parade,initial,0,1,,2.375,144,514,372,15.957,159.569,1.5
2025-08-31 02:04:23,cb5846,Street Parade,stall,1,1,,2.813,140,500,362,15.515,155.154,1.5
2025-08-31 02:04:38,cb5846,Street Parade,stall,1,1,,2.785,136,486,352,15.074,150.74,1.5
2025-08-31 02:07:31,cb5846,Street Parade,proactive,1,0,no_path,0.027,1,0,1,0.0,,1.5
2025-08-31 02:07:31,cb5846,Street Parade,proactive,1,0,no_path,0.006,1,0,1,0.0,,1.5
2025-08-31 02:07:31,cb5846,Street Parade,proactive,1,0,no_path,0.005,1,0,1,0.0,,1.5
2025-08-31 02:07:31,cb5846,Street Parade,proactive,1,0,no_path,0.006,1,0,1,0.0,,1.5
2025-08-31 02:07:32,cb5846,Street Parade,proactive,1,0,no_path,0.007,1,0,1,0.0,,1.5
2025-08-31 02:07:32,cb5846,Street Parade,proactive,1,0,no_path,0.006,1,0,1,0.0,,1.5
2025-08-31 02:07:32,cb5846,Street Parade,proactive,1,0,no_path,0.007,1,0,1,0.0,,1.5
2025-08-31 02:07:32,cb5846,Street Parade,proactive,1,0,no_path,0.008,1,0,1,0.0,,1.5
2025-08-31 02:07:32,cb5846,Street Parade,proactive,1,0,no_path,0.011,1,0,1,0.0,,1.5
2025-08-31 02:07:32,cb5846,Street Parade,proactive,1,1,,1.603,101,338,239,10.736,107.355,1.5
2025-08-31 02:07:33,cb5846,Street Parade,proactive,1,0,no_path,0.006,1,0,1,0.0,,1.5
2025-08-31 02:07:33,cb5846,Street Parade,proactive,1,0,no_path,0.006,1,0,1,0.0,,1.5
2025-08-31 02:07:33,cb5846,Street Parade,proactive,1,0,no_path,0.008,1,0,1,0.0,,1.5
2025-08-31 02:07:33,cb5846,Street Parade,proactive,1,0,no_path,0.01,1,0,1,0.0,,1.5
2025-08-31 02:07:33,cb5846,Street Parade,proactive,1,0,no_path,0.006,1,0,1,0.0,,1.5
2025-08-31 02:07:33,cb5846,Street Parade,proactive,1,0,no_path,0.007,1,0,1,0.0,,1.5
2025-08-31 02:07:33,cb5846,Street Parade,proactive,1,0,no_path,0.008,1,0,1,0.0,,1.5
2025-08-31 02:07:34,cb5846,Street Parade,proactive,1,0,no_path,0.008,1,0,1,0.0,,1.5
2025-08-31 02:07:34,cb5846,Street Parade,proactive,1,0,no_path,0.011,1,0,1,0.0,,1.5
2025-08-31 02:07:34,cb5846,Street Parade,proactive,1,0,no_path,0.007,1,0,1,0.0,,1.5
2025-08-31 02:07:34,cb5846,Street Parade,proactive,1,0,no_path,0.014,1,0,1,0.0,,1.5
2025-08-31 02:07:34,cb5846,Street Parade,proactive,1,0,no_path,0.007,1,0,1,0.0,,1.5
2025-08-31 02:07:34,cb5846,Street Parade,proactive,1,0,no_path,0.006,1,0,1,0.0,,1.5
2025-08-31 02:07:34,cb5846,Street Parade,proactive,1,0,no_path,0.007,1,0,1,0.0,,1.5
2025-08-31 02:07:34,cb5846,Street Parade,proactive,1,0,no_path,0.007,1,0,1,0.0,,1.5
2025-08-31 02:07:34,cb5846,Street Parade,proactive,1,0,no_path,0.007,1,0,1,0.0,,1.5
2025-08-31 02:07:34,cb5846,Street Parade,proactive,1,0,no_path,0.012,1,0,1,0.0,,1.5
2025-08-31 02:07:34,cb5846,Street Parade,proactive,1,0,no_path,0.006,1,0,1,0.0,,1.5
2025-08-31 02:07:35,cb5846,Street Parade,proactive,1,0,no_path,0.008,1,0,1,0.0,,1.5
2025-08-31 02:07:35,cb5846,Street Parade,proactive,1,0,no_path,0.008,1,0,1,0.0,,1.5
2025-08-31 02:07:35,cb5846,Street Parade,proactive,1,0,no_path,0.008,1,0,1,0.0,,1.5
2025-08-31 02:07:35,cb5846,Street Parade,proactive,1,0,no_path,0.008,1,0,1,0.0,,1.5
2025-08-31 02:07:35,cb5846,Street Parade,proactive,1,0,no_path,0.007,1,0,1,0.0,,1.5
2025-08-31 02:07:35,cb5846,Street Parade,proactive,1,0,no_path,0.007,1,0,1,0.0,,1.5
2025-08-31 02:07:35,cb5846,Street Parade,proactive,1,0,no_path,0.007,1,0,1,0.0,,1.5
2025-08-31 02:07:35,cb5846,Street Parade,proactive,1,0,no_path,0.007,1,0,1,0.0,,1.5
2025-08-31 02:07:35,cb5846,Street Parade,proactive,1,0,no_path,0.006,1,0,1,0.0,,1.5
2025-08-31 02:07:35,cb5846,Street Parade,proactive,1,0,no_path,0.007,1,0,1,0.0,,1.5
2025-08-31 02:07:36,cb5846,Street Parade,proactive,1,0,no_path,0.008,1,0,1,0.0,,1.5
2025-08-31 02:07:36,cb5846,Street Parade,proactive,1,0,no_path,0.01,1,0,1,0.0,,1.5
2025-08-31 02:07:36,cb5846,Street Parade,proactive,1,0,no_path,0.009,1,0,1,0.0,,1.5
2025-08-31 02:07:36,cb5846,Street Parade,proactive,1,0,no_path,0.01,1,0,1,0.0,,1.5
2025-08-31 02:07:36,cb5846,Street Parade,proactive,1,0,no_path,0.008,1,0,1,0.0,,1.5
2025-08-31 02:07:36,cb5846,Street Parade,proactive,1,0,no_path,0.007,1,0,1,0.0,,1.5
2025-08-31 02:07:36,cb5846,Street Parade,proactive,1,0,no_path,0.006,1,0,1,0.0,,1.5
2025-08-31 02:07:36,cb5846,Street Parade,proactive,1,0,no_path,0.005,1,0,1,0.0,,1.5
2025-08-31 02:07:36,cb5846,Street Parade,proactive,1,0,no_path,0.008,1,0,1,0.0,,1.5
2025-08-31 02:07:36,cb5846,Street Parade,proactive,1,0,no_path,0.007,1,0,1,0.0,,1.5
2025-08-31 02:07:36,cb5846,Street Parade,proactive,1,0,no_path,0.006,1,0,1,0.0,,1.5
2025-08-31 02:07:37,cb5846,Street Parade,proactive,1,0,no_path,0.006,1,0,1,0.0,,1.5
2025-08-31 02:07:37,cb5846,Street Parade,proactive,1,0,no_path,0.01,1,0,1,0.0,,1.5
2025-08-31 02:07:37,cb5846,Street Parade,proactive,1,0,no_path,0.01,1,0,1,0.0,,1.5
2025-08-31 02:07:37,cb5846,Street Parade,proactive,1,0,no_path,0.008,1,0,1,0.0,,1.5
2025-08-31 02:07:37,cb5846,Street Parade,proactive,1,0,no_path,0.008,1,0,1,0.0,,1.5
2025-08-31 02:07:37,cb5846,Street Parade,proactive,1,0,no_path,0.018,1,0,1,0.0,,1.5
2025-08-31 02:07:37,cb5846,Street Parade,proactive,1,0,no_path,0.007,1,0,1,0.0,,1.5
2025-08-31 02:07:37,cb5846,Street Parade,proactive,1,0,no_path,0.007,1,0,1,0.0,,1.5
2025-08-31 02:07:37,cb5846,Street Parade,proactive,1,0,no_path,0.008,1,0,1,0.0,,1.5
2025-08-31 02:07:37,cb5846,Street Parade,proactive,1,0,no_path,0.007,1,0,1,0.0,,1.5
2025-08-31 02:07:37,cb5846,Street Parade,proactive,1,0,no_path,0.007,1,0,1,0.0,,1.5
2025-08-31 02:07:38,cb5846,Street Parade,proactive,1,0,no_path,0.008,1,0,1,0.0,,1.5
2025-08-31 02:07:38,cb5846,Street Parade,proactive,1,0,no_path,0.007,1,0,1,0.0,,1.5
2025-08-31 02:07:38,cb5846,Street Parade,proactive,1,0,no_path,0.007,1,0,1,0.0,,1.5
2025-08-31 02:07:38,cb5846,Street Parade,proactive,1,0,no_path,0.008,1,0,1,0.0,,1.5
2025-08-31 02:07:38,cb5846,Street Parade,proactive,1,0,no_path,0.007,1,0,1,0.0,,1.5
2025-08-31 02:07:38,cb5846,Street Parade,proactive,1,0,no_path,0.007,1,0,1,0.0,,1.5
2025-08-31 02:07:38,cb5846,Street Parade,proactive,1,0,no_path,0.007,1,0,1,0.0,,1.5
2025-08-31 02:07:38,cb5846,Street Parade,proactive,1,0,no_path,0.006,1,0,1,0.0,,1.5
2025-08-31 02:07:38,cb5846,Street Parade,proactive,1,0,no_path,0.008,1,0,1,0.0,,1.5
2025-08-31 02:07:38,cb5846,Street Parade,proactive,1,0,no_path,0.007,1,0,1,0.0,,1.5
2025-08-31 02:07:38,cb5846,Street Parade,proactive,1,0,no_path,0.006,1,0,1,0.0,,1.5
2025-08-31 02:07:39,cb5846,Street Parade,proactive,1,0,no_path,0.008,1,0,1,0.0,,1.5
2025-08-31 02:07:39,cb5846,Street Parade,proactive,1,0,no_path,0.006,1,0,1,0.0,,1.5
2025-08-31 02:07:39,cb5846,Street Parade,proactive,1,0,no_path,0.007,1,0,1,0.0,,1.5
2025-08-31 02:07:39,cb5846,Street Parade,proactive,1,0,no_path,0.006,1,0,1,0.0,,1.5
2025-08-31 02:07:39,cb5846,Street Parade,proactive,1,0,no_path,0.006,1,0,1,0.0,,1.5
2025-08-31 02:07:39,cb5846,Street Parade,proactive,1,0,no_path,0.008,1,0,1,0.0,,1.5
2025-08-31 02:07:39,cb5846,Street Parade,proactive,1,0,no_path,0.005,1,0,1,0.0,,1.5
2025-08-31 02:07:39,cb5846,Street Parade,proactive,1,0,no_path,0.011,1,0,1,0.0,,1.5
2025-08-31 02:07:39,cb5846,Street Parade,proactive,1,0,no_path,0.008,1,0,1,0.0,,1.5
2025-08-31 02:07:39,cb5846,Street Parade,proactive,1,0,no_path,0.006,1,0,1,0.0,,1.5
2025-08-31 02:07:39,cb5846,Street Parade,proactive,1,0,no_path,0.008,1,0,1,0.0,,1.5
2025-08-31 02:07:40,cb5846,Street Parade,proactive,1,0,no_path,0.008,1,0,1,0.0,,1.5
2025-08-31 02:07:40,cb5846,Street Parade,proactive,1,0,no_path,0.007,1,0,1,0.0,,1.5
2025-08-31 02:07:40,cb5846,Street Parade,proactive,1,0,no_path,0.01,1,0,1,0.0,,1.5
2025-08-31 02:07:40,cb5846,Street Parade,proactive,1,0,no_path,0.012,1,0,1,0.0,,1.5
2025-08-31 02:07:40,cb5846,Street Parade,proactive,1,0,no_path,0.007,1,0,1,0.0,,1.5
2025-08-31 02:07:40,cb5846,Street Parade,proactive,1,0,no_path,0.008,1,0,1,0.0,,1.5
2025-08-31 02:07:40,cb5846,Street Parade,proactive,1,0,no_path,0.006,1,0,1,0.0,,1.5
2025-08-31 02:07:40,cb5846,Street Parade,proactive,1,0,no_path,0.008,1,0,1,0.0,,1.5
2025-08-31 02:07:40,cb5846,Street Parade,proactive,1,0,no_path,0.006,1,0,1,0.0,,1.5
2025-08-31 02:07:40,cb5846,Street Parade,proactive,1,0,no_path,0.015,1,0,1,0.0,,1.5
2025-08-31 02:07:40,cb5846,Street Parade,proactive,1,0,no_path,0.008,1,0,1,0.0,,1.5
2025-08-31 02:07:41,cb5846,Street Parade,proactive,1,0,no_path,0.008,1,0,1,0.0,,1.5
2025-08-31 02:07:41,cb5846,Street Parade,proactive,1,0,no_path,0.007,1,0,1,0.0,,1.5
2025-08-31 02:07:41,cb5846,Street Parade,proactive,1,0,no_path,0.007,1,0,1,0.0,,1.5
2025-08-31 02:07:41,cb5846,Street Parade,proactive,1,0,no_path,0.008,1,0,1,0.0,,1.5
2025-08-31 02:07:41,cb5846,Street Parade,proactive,1,0,no_path,0.006,1,0,1,0.0,,1.5
2025-08-31 02:07:41,cb5846,Street Parade,proactive,1,0,no_path,0.011,1,0,1,0.0,,1.5
2025-08-31 02:07:41,cb5846,Street Parade,proactive,1,0,no_path,0.007,1,0,1,0.0,,1.5
2025-08-31 02:07:41,cb5846,Street Parade,proactive,1,0,no_path,0.008,1,0,1,0.0,,1.5
2025-08-31 02:07:41,cb5846,Street Parade,proactive,1,0,no_path,0.007,1,0,1,0.0,,1.5
2025-08-31 02:07:41,cb5846,Street Parade,proactive,1,0,no_path,0.007,1,0,1,0.0,,1.5
2025-08-31 02:07:42,cb5846,Street Parade,proactive,1,0,no_path,0.007,1,0,1,0.0,,1.5
2025-08-31 02:07:42,cb5846,Street Parade,proactive,1,0,no_path,0.005,1,0,1,0.0,,1.5
2025-08-31 02:07:42,cb5846,Street Parade,proactive,1,0,no_path,0.007,1,0,1,0.0,,1.5
2025-08-31 02:07:42,cb5846,Street Parade,proactive,1,0,no_path,0.005,1,0,1,0.0,,1.5
2025-08-31 02:07:42,cb5846,Street Parade,proactive,1,0,no_path,0.007,1,0,1,0.0,,1.5
2025-08-31 02:07:42,cb5846,Street Parade,proactive,1,0,no_path,0.006,1,0,1,0.0,,1.5
2025-08-31 02:07:42,cb5846,Street Parade,proactive,1,0,no_path,0.006,1,0,1,0.0,,1.5
2025-08-31 02:07:42,cb5846,Street Parade,proactive,1,0,no_path,0.005,1,0,1,0.0,,1.5
2025-08-31 02:07:42,cb5846,Street Parade,proactive,1,0,no_path,0.008,1,0,1,0.0,,1.5
2025-08-31 02:07:42,cb5846,Street Parade,proactive,1,0,no_path,0.007,1,0,1,0.0,,1.5
2025-08-31 02:07:42,cb5846,Street Parade,proactive,1,0,no_path,0.008,1,0,1,0.0,,1.5
2025-08-31 02:07:43,cb5846,Street Parade,proactive,1,0,no_path,0.007,1,0,1,0.0,,1.5
2025-08-31 02:07:43,cb5846,Street Parade,proactive,1,0,no_path,0.007,1,0,1,0.0,,1.5
2025-08-31 02:07:43,cb5846,Street Parade,proactive,1,0,no_path,0.008,1,0,1,0.0,,1.5
2025-08-31 02:07:43,cb5846,Street Parade,proactive,1,0,no_path,0.008,1,0,1,0.0,,1.5
2025-08-31 02:07:43,cb5846,Street Parade,proactive,1,0,no_path,0.006,1,0,1,0.0,,1.5
2025-08-31 02:07:43,cb5846,Street Parade,proactive,1,0,no_path,0.005,1,0,1,0.0,,1.5
2025-08-31 02:07:43,cb5846,Street Parade,proactive,1,0,no_path,0.011,1,0,1,0.0,,1.5
2025-08-31 02:07:43,cb5846,Street Parade,proactive,1,0,no_path,0.006,1,0,1,0.0,,1.5
2025-08-31 02:07:43,cb5846,Street Parade,proactive,1,0,no_path,0.025,1,0,1,0.0,,1.5
2025-08-31 02:07:43,cb5846,Street Parade,proactive,1,0,no_path,0.007,1,0,1,0.0,,1.5
2025-08-31 02:07:43,cb5846,Street Parade,proactive,1,0,no_path,0.006,1,0,1,0.0,,1.5
2025-08-31 02:07:44,cb5846,Street Parade,proactive,1,0,no_path,0.007,1,0,1,0.0,,1.5
2025-08-31 02:07:44,cb5846,Street Parade,proactive,1,0,no_path,0.01,1,0,1,0.0,,1.5
2025-08-31 02:07:44,cb5846,Street Parade,proactive,1,0,no_path,0.007,1,0,1,0.0,,1.5
2025-08-31 02:07:44,cb5846,Street Parade,proactive,1,0,no_path,0.007,1,0,1,0.0,,1.5
2025-08-31 02:07:44,cb5846,Street Parade,proactive,1,0,no_path,0.01,1,0,1,0.0,,1.5
2025-08-31 02:07:44,cb5846,Street Parade,proactive,1,0,no_path,0.01,1,0,1,0.0,,1.5
2025-08-31 02:07:44,cb5846,Street Parade,proactive,1,0,no_path,0.009,1,0,1,0.0,,1.5
2025-08-31 02:07:44,cb5846,Street Parade,proactive,1,0,no_path,0.007,1,0,1,0.0,,1.5
2025-08-31 02:07:44,cb5846,Street Parade,proactive,1,0,no_path,0.008,1,0,1,0.0,,1.5
2025-08-31 02:07:44,cb5846,Street Parade,proactive,1,0,no_path,0.007,1,0,1,0.0,,1.5
2025-08-31 02:07:44,cb5846,Street Parade,proactive,1,0,no_path,0.007,1,0,1,0.0,,1.5
2025-08-31 02:07:45,cb5846,Street Parade,proactive,1,0,no_path,0.007,1,0,1,0.0,,1.5
2025-08-31 02:07:45,cb5846,Street Parade,proactive,1,0,no_path,0.007,1,0,1,0.0,,1.5
2025-08-31 02:07:45,cb5846,Street Parade,proactive,1,0,no_path,0.008,1,0,1,0.0,,1.5
2025-08-31 02:07:45,cb5846,Street Parade,proactive,1,0,no_path,0.005,1,0,1,0.0,,1.5
2025-08-31 02:07:45,cb5846,Street Parade,proactive,1,0,no_path,0.007,1,0,1,0.0,,1.5
2025-08-31 02:07:45,cb5846,Street Parade,proactive,1,0,no_path,0.006,1,0,1,0.0,,1.5
2025-08-31 02:07:45,cb5846,Street Parade,proactive,1,0,no_path,0.008,1,0,1,0.0,,1.5
2025-08-31 02:07:45,cb5846,Street Parade,proactive,1,0,no_path,0.008,1,0,1,0.0,,1.5
2025-08-31 02:07:45,cb5846,Street Parade,proactive,1,0,no_path,0.008,1,0,1,0.0,,1.5
2025-08-31 02:07:45,cb5846,Street Parade,proactive,1,0,no_path,0.007,1,0,1,0.0,,1.5
2025-08-31 02:07:45,cb5846,Street Parade,proactive,1,0,no_path,0.006,1,0,1,0.0,,1.5
2025-08-31 02:07:46,cb5846,Street Parade,proactive,1,0,no_path,0.008,1,0,1,0.0,,1.5
2025-08-31 02:07:46,cb5846,Street Parade,proactive,1,0,no_path,0.008,1,0,1,0.0,,1.5
2025-08-31 02:07:46,cb5846,Street Parade,proactive,1,0,no_path,0.01,1,0,1,0.0,,1.5
2025-08-31 02:07:46,cb5846,Street Parade,proactive,1,0,no_path,0.007,1,0,1,0.0,,1.5
2025-08-31 02:07:46,cb5846,Street Parade,proactive,1,0,no_path,0.007,1,0,1,0.0,,1.5
2025-08-31 02:07:46,cb5846,Street Parade,proactive,1,0,no_path,0.007,1,0,1,0.0,,1.5
2025-08-31 02:07:46,cb5846,Street Parade,proactive,1,0,no_path,0.005,1,0,1,0.0,,1.5
2025-08-31 02:07:46,cb5846,Street Parade,proactive,1,0,no_path,0.008,1,0,1,0.0,,1.5
2025-08-31 02:07:46,cb5846,Street Parade,proactive,1,0,no_path,0.007,1,0,1,0.0,,1.5
2025-08-31 02:07:46,cb5846,Street Parade,proactive,1,0,no_path,0.006,1,0,1,0.0,,1.5
2025-08-31 02:07:47,cb5846,Street Parade,proactive,1,0,no_path,0.008,1,0,1,0.0,,1.5
2025-08-31 02:07:47,cb5846,Street Parade,proactive,1,0,no_path,0.006,1,0,1,0.0,,1.5
2025-08-31 02:07:47,cb5846,Street Parade,proactive,1,0,no_path,0.007,1,0,1,0.0,,1.5
2025-08-31 02:07:47,cb5846,Street Parade,proactive,1,0,no_path,0.012,1,0,1,0.0,,1.5
2025-08-31 02:07:47,cb5846,Street Parade,proactive,1,0,no_path,0.007,1,0,1,0.0,,1.5
2025-08-31 02:07:47,cb5846,Street Parade,proactive,1,0,no_path,0.007,1,0,1,0.0,,1.5
2025-08-31 02:07:47,cb5846,Street Parade,proactive,1,0,no_path,0.008,1,0,1,0.0,,1.5
2025-08-31 02:07:47,cb5846,Street Parade,proactive,1,0,no_path,0.008,1,0,1,0.0,,1.5
2025-08-31 02:07:47,cb5846,Street Parade,proactive,1,0,no_path,0.01,1,0,1,0.0,,1.5
2025-08-31 02:07:47,cb5846,Street Parade,proactive,1,0,no_path,0.006,1,0,1,0.0,,1.5
2025-08-31 02:07:47,cb5846,Street Parade,proactive,1,0,no_path,0.007,1,0,1,0.0,,1.5
2025-08-31 02:07:48,cb5846,Street Parade,proactive,1,0,no_path,0.008,1,0,1,0.0,,1.5
2025-08-31 02:07:48,cb5846,Street Parade,proactive,1,0,no_path,0.007,1,0,1,0.0,,1.5
2025-08-31 02:07:48,cb5846,Street Parade,proactive,1,0,no_path,0.008,1,0,1,0.0,,1.5
2025-08-31 02:07:48,cb5846,Street Parade,proactive,1,0,no_path,0.007,1,0,1,0.0,,1.5
2025-08-31 02:07:48,cb5846,Street Parade,proactive,1,0,no_path,0.005,1,0,1,0.0,,1.5
2025-08-31 02:07:48,cb5846,Street Parade,proactive,1,0,no_path,0.007,1,0,1,0.0,,1.5
2025-08-31 02:07:48,cb5846,Street Parade,proactive,1,0,no_path,0.006,1,0,1,0.0,,1.5
2025-08-31 02:07:48,cb5846,Street Parade,proactive,1,0,no_path,0.006,1,0,1,0.0,,1.5
2025-08-31 02:07:48,cb5846,Street Parade,proactive,1,0,no_path,0.008,1,0,1,0.0,,1.5
2025-08-31 02:07:48,cb5846,Street Parade,proactive,1,0,no_path,0.008,1,0,1,0.0,,1.5
2025-08-31 02:07:48,cb5846,Street Parade,proactive,1,0,no_path,0.006,1,0,1,0.0,,1.5
2025-08-31 02:07:49,cb5846,Street Parade,proactive,1,0,no_path,0.007,1,0,1,0.0,,1.5
2025-08-31 02:07:49,cb5846,Street Parade,proactive,1,0,no_path,0.008,1,0,1,0.0,,1.5
2025-08-31 02:07:49,cb5846,Street Parade,proactive,1,0,no_path,0.009,1,0,1,0.0,,1.5
2025-08-31 02:07:49,cb5846,Street Parade,proactive,1,0,no_path,0.008,1,0,1,0.0,,1.5
2025-08-31 02:07:49,cb5846,Street Parade,proactive,1,0,no_path,0.007,1,0,1,0.0,,1.5
2025-08-31 02:07:49,cb5846,Street Parade,proactive,1,0,no_path,0.005,1,0,1,0.0,,1.5
2025-08-31 02:07:49,cb5846,Street Parade,proactive,1,0,no_path,0.01,1,0,1,0.0,,1.5
2025-08-31 02:07:49,cb5846,Street Parade,proactive,1,0,no_path,0.007,1,0,1,0.0,,1.5
2025-08-31 02:07:49,cb5846,Street Parade,proactive,1,0,no_path,0.008,1,0,1,0.0,,1.5
2025-08-31 02:07:49,cb5846,Street Parade,proactive,1,0,no_path,0.006,1,0,1,0.0,,1.5
2025-08-31 02:07:50,cb5846,Street Parade,proactive,1,0,no_path,0.007,1,0,1,0.0,,1.5
2025-08-31 02:07:50,cb5846,Street Parade,proactive,1,0,no_path,0.007,1,0,1,0.0,,1.5
2025-08-31 02:07:50,cb5846,Street Parade,proactive,1,0,no_path,0.006,1,0,1,0.0,,1.5
2025-08-31 02:07:50,cb5846,Street Parade,proactive,1,0,no_path,0.007,1,0,1,0.0,,1.5
2025-08-31 02:07:50,cb5846,Street Parade,proactive,1,0,no_path,0.006,1,0,1,0.0,,1.5
2025-08-31 02:07:50,cb5846,Street Parade,proactive,1,0,no_path,0.006,1,0,1,0.0,,1.5
2025-08-31 02:07:50,cb5846,Street Parade,proactive,1,0,no_path,0.011,1,0,1,0.0,,1.5
2025-08-31 02:07:50,cb5846,Street Parade,proactive,1,0,no_path,0.006,1,0,1,0.0,,1.5
2025-08-31 02:07:50,cb5846,Street Parade,proactive,1,0,no_path,0.008,1,0,1,0.0,,1.5
2025-08-31 02:07:50,cb5846,Street Parade,proactive,1,0,no_path,0.008,1,0,1,0.0,,1.5
2025-08-31 02:07:50,cb5846,Street Parade,proactive,1,0,no_path,0.005,1,0,1,0.0,,1.5
2025-08-31 02:07:51,cb5846,Street Parade,proactive,1,0,no_path,0.006,1,0,1,0.0,,1.5
2025-08-31 02:07:51,cb5846,Street Parade,proactive,1,0,no_path,0.006,1,0,1,0.0,,1.5
2025-08-31 02:07:51,cb5846,Street Parade,proactive,1,0,no_path,0.007,1,0,1,0.0,,1.5
2025-08-31 02:07:51,cb5846,Street Parade,proactive,1,0,no_path,0.015,1,0,1,0.0,,1.5
2025-08-31 02:07:51,cb5846,Street Parade,proactive,1,0,no_path,0.006,1,0,1,0.0,,1.5
2025-08-31 02:07:51,cb5846,Street Parade,proactive,1,0,no_path,0.01,1,0,1,0.0,,1.5
2025-08-31 02:07:51,cb5846,Street Parade,proactive,1,0,no_path,0.006,1,0,1,0.0,,1.5
2025-08-31 02:07:51,cb5846,Street Parade,proactive,1,0,no_path,0.005,1,0,1,0.0,,1.5
2025-08-31 02:07:51,cb5846,Street Parade,proactive,1,0,no_path,0.017,1,0,1,0.0,,1.5
2025-08-31 02:07:51,cb5846,Street Parade,proactive,1,0,no_path,0.007,1,0,1,0.0,,1.5
2025-08-31 02:07:51,cb5846,Street Parade,proactive,1,0,no_path,0.008,1,0,1,0.0,,1.5
2025-08-31 02:07:52,cb5846,Street Parade,proactive,1,0,no_path,0.007,1,0,1,0.0,,1.5
2025-08-31 02:07:52,cb5846,Street Parade,proactive,1,0,no_path,0.007,1,0,1,0.0,,1.5
2025-08-31 02:07:52,cb5846,Street Parade,proactive,1,0,no_path,0.007,1,0,1,0.0,,1.5
2025-08-31 02:07:52,cb5846,Street Parade,proactive,1,0,no_path,0.007,1,0,1,0.0,,1.5
2025-08-31 02:07:52,cb5846,Street Parade,proactive,1,0,no_path,0.007,1,0,1,0.0,,1.5
2025-08-31 02:07:52,cb5846,Street Parade,proactive,1,0,no_path,0.008,1,0,1,0.0,,1.5
2025-08-31 02:07:52,cb5846,Street Parade,proactive,1,0,no_path,0.007,1,0,1,0.0,,1.5
2025-08-31 02:07:52,cb5846,Street Parade,proactive,1,0,no_path,0.006,1,0,1,0.0,,1.5
2025-08-31 02:07:52,cb5846,Street Parade,proactive,1,0,no_path,0.008,1,0,1,0.0,,1.5
2025-08-31 02:07:52,cb5846,Street Parade,proactive,1,0,no_path,0.008,1,0,1,0.0,,1.5
2025-08-31 02:07:52,cb5846,Street Parade,proactive,1,0,no_path,0.008,1,0,1,0.0,,1.5
2025-08-31 02:07:53,cb5846,Street Parade,proactive,1,0,no_path,0.006,1,0,1,0.0,,1.5
2025-08-31 02:07:53,cb5846,Street Parade,proactive,1,0,no_path,0.009,1,0,1,0.0,,1.5
2025-08-31 02:07:53,cb5846,Street Parade,proactive,1,0,no_path,0.006,1,0,1,0.0,,1.5
2025-08-31 02:07:53,cb5846,Street Parade,proactive,1,0,no_path,0.007,1,0,1,0.0,,1.5
2025-08-31 02:07:53,cb5846,Street Parade,proactive,1,0,no_path,0.005,1,0,1,0.0,,1.5
2025-08-31 02:07:53,cb5846,Street Parade,proactive,1,0,no_path,0.005,1,0,1,0.0,,1.5
2025-08-31 02:07:53,cb5846,Street Parade,proactive,1,0,no_path,0.004,1,0,1,0.0,,1.5
2025-08-31 02:07:53,cb5846,Street Parade,proactive,1,0,no_path,0.007,1,0,1,0.0,,1.5
2025-08-31 02:07:53,cb5846,Street Parade,proactive,1,0,no_path,0.006,1,0,1,0.0,,1.5
2025-08-31 02:07:53,cb5846,Street Parade,proactive,1,0,no_path,0.005,1,0,1,0.0,,1.5
2025-08-31 02:07:53,cb5846,Street Parade,proactive,1,0,no_path,0.006,1,0,1,0.0,,1.5
2025-08-31 02:07:54,cb5846,Street Parade,proactive,1,0,no_path,0.006,1,0,1,0.0,,1.5
2025-08-31 02:07:54,cb5846,Street Parade,proactive,1,0,no_path,0.007,1,0,1,0.0,,1.5
2025-08-31 02:07:54,cb5846,Street Parade,proactive,1,0,no_path,0.006,1,0,1,0.0,,1.5
2025-08-31 02:07:54,cb5846,Street Parade,proactive,1,0,no_path,0.007,1,0,1,0.0,,1.5
2025-08-31 02:07:54,cb5846,Street Parade,proactive,1,0,no_path,0.006,1,0,1,0.0,,1.5
2025-08-31 02:07:54,cb5846,Street Parade,proactive,1,0,no_path,0.007,1,0,1,0.0,,1.5
2025-08-31 02:07:54,cb5846,Street Parade,proactive,1,0,no_path,0.007,1,0,1,0.0,,1.5
2025-08-31 02:07:54,cb5846,Street Parade,proactive,1,0,no_path,0.006,1,0,1,0.0,,1.5
2025-08-31 02:07:54,cb5846,Street Parade,proactive,1,0,no_path,0.007,1,0,1,0.0,,1.5
2025-08-31 02:07:54,cb5846,Street Parade,proactive,1,0,no_path,0.006,1,0,1,0.0,,1.5
2025-08-31 02:07:54,cb5846,Street Parade,proactive,1,0,no_path,0.008,1,0,1,0.0,,1.5
2025-08-31 02:07:55,cb5846,Street Parade,proactive,1,0,no_path,0.008,1,0,1,0.0,,1.5
2025-08-31 02:07:55,cb5846,Street Parade,proactive,1,0,no_path,0.006,1,0,1,0.0,,1.5
2025-08-31 02:07:55,cb5846,Street Parade,proactive,1,0,no_path,0.006,1,0,1,0.0,,1.5
2025-08-31 02:07:55,cb5846,Street Parade,proactive,1,0,no_path,0.007,1,0,1,0.0,,1.5
2025-08-31 02:07:55,cb5846,Street Parade,proactive,1,0,no_path,0.006,1,0,1,0.0,,1.5
2025-08-31 02:07:55,cb5846,Street Parade,proactive,1,0,no_path,0.006,1,0,1,0.0,,1.5
2025-08-31 02:07:55,cb5846,Street Parade,proactive,1,0,no_path,0.007,1,0,1,0.0,,1.5
2025-08-31 02:07:55,cb5846,Street Parade,proactive,1,0,no_path,0.006,1,0,1,0.0,,1.5
2025-08-31 02:07:55,cb5846,Street Parade,proactive,1,0,no_path,0.007,1,0,1,0.0,,1.5
2025-08-31 02:07:55,cb5846,Street Parade,proactive,1,0,no_path,0.007,1,0,1,0.0,,1.5
2025-08-31 02:07:55,cb5846,Street Parade,proactive,1,0,no_path,0.006,1,0,1,0.0,,1.5
2025-08-31 02:07:56,cb5846,Street Parade,proactive,1,0,no_path,0.006,1,0,1,0.0,,1.5
2025-08-31 02:07:56,cb5846,Street Parade,proactive,1,0,no_path,0.008,1,0,1,0.0,,1.5
2025-08-31 02:07:56,cb5846,Street Parade,proactive,1,0,no_path,0.006,1,0,1,0.0,,1.5
2025-08-31 02:07:56,cb5846,Street Parade,proactive,1,0,no_path,0.006,1,0,1,0.0,,1.5
2025-08-31 02:07:56,cb5846,Street Parade,proactive,1,0,no_path,0.007,1,0,1,0.0,,1.5
2025-08-31 02:07:56,cb5846,Street Parade,proactive,1,0,no_path,0.008,1,0,1,0.0,,1.5
2025-08-31 02:07:56,cb5846,Street Parade,proactive,1,0,no_path,0.006,1,0,1,0.0,,1.5
2025-08-31 02:07:56,cb5846,Street Parade,proactive,1,0,no_path,0.007,1,0,1,0.0,,1.5
2025-08-31 02:07:56,cb5846,Street Parade,proactive,1,0,no_path,0.006,1,0,1,0.0,,1.5
2025-08-31 02:07:56,cb5846,Street Parade,proactive,1,0,no_path,0.007,1,0,1,0.0,,1.5
2025-08-31 02:07:57,cb5846,Street Parade,proactive,1,0,no_path,0.007,1,0,1,0.0,,1.5
2025-08-31 02:07:57,cb5846,Street Parade,proactive,1,0,no_path,0.007,1,0,1,0.0,,1.5
2025-08-31 02:07:57,cb5846,Street Parade,proactive,1,0,no_path,0.008,1,0,1,0.0,,1.5
2025-08-31 02:07:57,cb5846,Street Parade,proactive,1,0,no_path,0.007,1,0,1,0.0,,1.5
2025-08-31 02:07:57,cb5846,Street Parade,proactive,1,0,no_path,0.008,1,0,1,0.0,,1.5
2025-08-31 02:07:57,cb5846,Street Parade,proactive,1,0,no_path,0.007,1,0,1,0.0,,1.5
2025-08-31 02:07:57,cb5846,Street Parade,proactive,1,0,no_path,0.008,1,0,1,0.0,,1.5
2025-08-31 02:07:57,cb5846,Street Parade,proactive,1,0,no_path,0.006,1,0,1,0.0,,1.5
2025-08-31 02:07:57,cb5846,Street Parade,proactive,1,0,no_path,0.008,1,0,1,0.0,,1.5
2025-08-31 02:07:57,cb5846,Street Parade,proactive,1,0,no_path,0.006,1,0,1,0.0,,1.5
2025-08-31 02:07:57,cb5846,Street Parade,proactive,1,0,no_path,0.007,1,0,1,0.0,,1.5
2025-08-31 02:07:58,cb5846,Street Parade,proactive,1,0,no_path,0.008,1,0,1,0.0,,1.5
2025-08-31 02:07:58,cb5846,Street Parade,proactive,1,0,no_path,0.007,1,0,1,0.0,,1.5
2025-08-31 02:07:58,cb5846,Street Parade,proactive,1,0,no_path,0.008,1,0,1,0.0,,1.5
2025-08-31 02:07:58,cb5846,Street Parade,proactive,1,0,no_path,0.007,1,0,1,0.0,,1.5
2025-08-31 02:07:58,cb5846,Street Parade,proactive,1,0,no_path,0.008,1,0,1,0.0,,1.5
2025-08-31 02:07:58,cb5846,Street Parade,proactive,1,0,no_path,0.007,1,0,1,0.0,,1.5
2025-08-31 02:07:58,cb5846,Street Parade,proactive,1,0,no_path,0.007,1,0,1,0.0,,1.5
2025-08-31 02:07:58,cb5846,Street Parade,proactive,1,0,no_path,0.007,1,0,1,0.0,,1.5
2025-08-31 02:07:58,cb5846,Street Parade,proactive,1,0,no_path,0.007,1,0,1,0.0,,1.5
2025-08-31 02:07:58,cb5846,Street Parade,proactive,1,0,no_path,0.007,1,0,1,0.0,,1.5
2025-08-31 02:07:59,cb5846,Street Parade,proactive,1,0,no_path,0.008,1,0,1,0.0,,1.5
2025-08-31 02:07:59,cb5846,Street Parade,proactive,1,0,no_path,0.007,1,0,1,0.0,,1.5
2025-08-31 02:07:59,cb5846,Street Parade,proactive,1,0,no_path,0.005,1,0,1,0.0,,1.5
2025-08-31 02:07:59,cb5846,Street Parade,proactive,1,0,no_path,0.007,1,0,1,0.0,,1.5
2025-08-31 02:07:59,cb5846,Street Parade,proactive,1,0,no_path,0.007,1,0,1,0.0,,1.5
2025-08-31 02:07:59,cb5846,Street Parade,proactive,1,0,no_path,0.01,1,0,1,0.0,,1.5
2025-08-31 02:07:59,cb5846,Street Parade,proactive,1,0,no_path,0.005,1,0,1,0.0,,1.5
2025-08-31 02:07:59,cb5846,Street Parade,proactive,1,0,no_path,0.005,1,0,1,0.0,,1.5
2025-08-31 02:07:59,cb5846,Street Parade,proactive,1,0,no_path,0.006,1,0,1,0.0,,1.5
2025-08-31 02:07:59,cb5846,Street Parade,proactive,1,0,no_path,0.007,1,0,1,0.0,,1.5
2025-08-31 02:07:59,cb5846,Street Parade,proactive,1,0,no_path,0.007,1,0,1,0.0,,1.5
2025-08-31 02:07:59,cb5846,Street Parade,proactive,1,0,no_path,0.007,1,0,1,0.0,,1.5
2025-08-31 02:08:00,cb5846,Street Parade,proactive,1,0,no_path,0.006,1,0,1,0.0,,1.5
2025-08-31 02:08:00,cb5846,Street Parade,proactive,1,0,no_path,0.009,1,0,1,0.0,,1.5
2025-08-31 02:08:00,cb5846,Street Parade,proactive,1,0,no_path,0.007,1,0,1,0.0,,1.5
2025-08-31 02:08:00,cb5846,Street Parade,proactive,1,0,no_path,0.009,1,0,1,0.0,,1.5
2025-08-31 02:08:00,cb5846,Street Parade,proactive,1,0,no_path,0.006,1,0,1,0.0,,1.5
2025-08-31 02:08:00,cb5846,Street Parade,proactive,1,0,no_path,0.011,1,0,1,0.0,,1.5
2025-08-31 02:08:00,cb5846,Street Parade,proactive,1,0,no_path,0.007,1,0,1,0.0,,1.5
2025-08-31 02:08:00,cb5846,Street Parade,proactive,1,0,no_path,0.006,1,0,1,0.0,,1.5
2025-08-31 02:08:00,cb5846,Street Parade,proactive,1,0,no_path,0.006,1,0,1,0.0,,1.5
2025-08-31 02:08:00,cb5846,Street Parade,proactive,1,0,no_path,0.006,1,0,1,0.0,,1.5
2025-08-31 02:08:01,cb5846,Street Parade,proactive,1,0,no_path,0.007,1,0,1,0.0,,1.5
2025-08-31 02:08:01,cb5846,Street Parade,proactive,1,0,no_path,0.006,1,0,1,0.0,,1.5
2025-08-31 02:08:01,cb5846,Street Parade,proactive,1,0,no_path,0.007,1,0,1,0.0,,1.5
2025-08-31 02:08:01,cb5846,Street Parade,proactive,1,0,no_path,0.007,1,0,1,0.0,,1.5
2025-08-31 02:08:01,cb5846,Street Parade,proactive,1,0,no_path,0.007,1,0,1,0.0,,1.5
2025-08-31 02:08:01,cb5846,Street Parade,proactive,1,0,no_path,0.006,1,0,1,0.0,,1.5
2025-08-31 02:08:01,cb5846,Street Parade,proactive,1,0,no_path,0.006,1,0,1,0.0,,1.5
2025-08-31 02:08:01,cb5846,Street Parade,proactive,1,0,no_path,0.007,1,0,1,0.0,,1.5
2025-08-31 02:08:01,cb5846,Street Parade,proactive,1,0,no_path,0.006,1,0,1,0.0,,1.5
2025-08-31 02:08:01,cb5846,Street Parade,proactive,1,0,no_path,0.005,1,0,1,0.0,,1.5
2025-08-31 02:08:01,cb5846,Street Parade,proactive,1,0,no_path,0.008,1,0,1,0.0,,1.5
2025-08-31 02:08:02,cb5846,Street Parade,proactive,1,0,no_path,0.008,1,0,1,0.0,,1.5
2025-08-31 02:08:02,cb5846,Street Parade,proactive,1,0,no_path,0.007,1,0,1,0.0,,1.5
2025-08-31 02:08:02,cb5846,Street Parade,proactive,1,0,no_path,0.012,1,0,1,0.0,,1.5
2025-08-31 02:08:02,cb5846,Street Parade,proactive,1,0,no_path,0.007,1,0,1,0.0,,1.5
2025-08-31 02:08:02,cb5846,Street Parade,proactive,1,0,no_path,0.006,1,0,1,0.0,,1.5
2025-08-31 02:08:02,cb5846,Street Parade,proactive,1,0,no_path,0.007,1,0,1,0.0,,1.5
2025-08-31 02:08:02,cb5846,Street Parade,proactive,1,0,no_path,0.007,1,0,1,0.0,,1.5
2025-08-31 02:08:02,cb5846,Street Parade,proactive,1,0,no_path,0.01,1,0,1,0.0,,1.5
2025-08-31 02:08:02,cb5846,Street Parade,proactive,1,0,no_path,0.008,1,0,1,0.0,,1.5
2025-08-31 02:08:02,cb5846,Street Parade,proactive,1,0,no_path,0.007,1,0,1,0.0,,1.5
2025-08-31 02:08:02,cb5846,Street Parade,proactive,1,0,no_path,0.006,1,0,1,0.0,,1.5
2025-08-31 02:08:03,cb5846,Street Parade,proactive,1,0,no_path,0.008,1,0,1,0.0,,1.5
2025-08-31 02:08:03,cb5846,Street Parade,proactive,1,0,no_path,0.008,1,0,1,0.0,,1.5
2025-08-31 02:08:03,cb5846,Street Parade,proactive,1,0,no_path,0.007,1,0,1,0.0,,1.5
2025-08-31 02:08:03,cb5846,Street Parade,proactive,1,0,no_path,0.007,1,0,1,0.0,,1.5
2025-08-31 02:08:03,cb5846,Street Parade,proactive,1,0,no_path,0.007,1,0,1,0.0,,1.5
2025-08-31 02:08:03,cb5846,Street Parade,proactive,1,0,no_path,0.007,1,0,1,0.0,,1.5
2025-08-31 02:08:03,cb5846,Street Parade,proactive,1,0,no_path,0.007,1,0,1,0.0,,1.5
2025-08-31 02:08:03,cb5846,Street Parade,proactive,1,0,no_path,0.008,1,0,1,0.0,,1.5
2025-08-31 02:08:03,cb5846,Street Parade,proactive,1,0,no_path,0.007,1,0,1,0.0,,1.5
2025-08-31 02:08:03,cb5846,Street Parade,proactive,1,0,no_path,0.007,1,0,1,0.0,,1.5
2025-08-31 02:08:03,cb5846,Street Parade,proactive,1,0,no_path,0.008,1,0,1,0.0,,1.5
2025-08-31 02:08:04,cb5846,Street Parade,proactive,1,0,no_path,0.009,1,0,1,0.0,,1.5
2025-08-31 02:08:04,cb5846,Street Parade,proactive,1,0,no_path,0.006,1,0,1,0.0,,1.5
2025-08-31 02:08:04,cb5846,Street Parade,proactive,1,0,no_path,0.008,1,0,1,0.0,,1.5
2025-08-31 02:08:04,cb5846,Street Parade,proactive,1,0,no_path,0.007,1,0,1,0.0,,1.5
2025-08-31 02:08:04,cb5846,Street Parade,proactive,1,0,no_path,0.006,1,0,1,0.0,,1.5
2025-08-31 02:08:04,cb5846,Street Parade,proactive,1,0,no_path,0.006,1,0,1,0.0,,1.5
2025-08-31 02:08:04,cb5846,Street Parade,proactive,1,0,no_path,0.007,1,0,1,0.0,,1.5
2025-08-31 02:08:04,cb5846,Street Parade,proactive,1,0,no_path,0.008,1,0,1,0.0,,1.5
2025-08-31 02:08:04,cb5846,Street Parade,proactive,1,0,no_path,0.012,1,0,1,0.0,,1.5
2025-08-31 02:08:04,cb5846,Street Parade,proactive,1,0,no_path,0.006,1,0,1,0.0,,1.5
2025-08-31 02:08:04,cb5846,Street Parade,proactive,1,0,no_path,0.007,1,0,1,0.0,,1.5
2025-08-31 02:08:05,cb5846,Street Parade,proactive,1,0,no_path,0.011,1,0,1,0.0,,1.5
2025-08-31 02:08:05,cb5846,Street Parade,proactive,1,0,no_path,0.007,1,0,1,0.0,,1.5
2025-08-31 02:08:05,cb5846,Street Parade,proactive,1,0,no_path,0.007,1,0,1,0.0,,1.5
2025-08-31 02:08:05,cb5846,Street Parade,proactive,1,0,no_path,0.008,1,0,1,0.0,,1.5
2025-08-31 02:08:05,cb5846,Street Parade,proactive,1,0,no_path,0.009,1,0,1,0.0,,1.5
2025-08-31 02:08:05,cb5846,Street Parade,proactive,1,0,no_path,0.008,1,0,1,0.0,,1.5
2025-08-31 02:08:05,cb5846,Street Parade,proactive,1,0,no_path,0.008,1,0,1,0.0,,1.5
2025-08-31 02:08:05,cb5846,Street Parade,proactive,1,0,no_path,0.013,1,0,1,0.0,,1.5
2025-08-31 02:08:05,cb5846,Street Parade,proactive,1,0,no_path,0.008,1,0,1,0.0,,1.5
2025-08-31 02:08:05,cb5846,Street Parade,proactive,1,0,no_path,0.007,1,0,1,0.0,,1.5
2025-08-31 02:08:06,cb5846,Street Parade,proactive,1,0,no_path,0.006,1,0,1,0.0,,1.5
2025-08-31 02:08:06,cb5846,Street Parade,proactive,1,0,no_path,0.007,1,0,1,0.0,,1.5
2025-08-31 02:08:06,cb5846,Street Parade,proactive,1,0,no_path,0.005,1,0,1,0.0,,1.5
2025-08-31 02:08:06,cb5846,Street Parade,proactive,1,0,no_path,0.009,1,0,1,0.0,,1.5
2025-08-31 02:08:06,cb5846,Street Parade,proactive,1,0,no_path,0.006,1,0,1,0.0,,1.5
2025-08-31 02:08:06,cb5846,Street Parade,proactive,1,0,no_path,0.007,1,0,1,0.0,,1.5
2025-08-31 02:08:06,cb5846,Street Parade,proactive,1,0,no_path,0.007,1,0,1,0.0,,1.5
2025-08-31 02:08:06,cb5846,Street Parade,proactive,1,0,no_path,0.007,1,0,1,0.0,,1.5
2025-08-31 02:08:06,cb5846,Street Parade,proactive,1,0,no_path,0.008,1,0,1,0.0,,1.5
2025-08-31 02:08:06,cb5846,Street Parade,proactive,1,0,no_path,0.007,1,0,1,0.0,,1.5
2025-08-31 02:08:06,cb5846,Street Parade,proactive,1,0,no_path,0.006,1,0,1,0.0,,1.5
2025-08-31 02:08:07,cb5846,Street Parade,proactive,1,0,no_path,0.009,1,0,1,0.0,,1.5
2025-08-31 02:08:07,cb5846,Street Parade,proactive,1,0,no_path,0.008,1,0,1,0.0,,1.5
2025-08-31 02:08:07,cb5846,Street Parade,proactive,1,0,no_path,0.008,1,0,1,0.0,,1.5
2025-08-31 02:08:07,cb5846,Street Parade,proactive,1,0,no_path,0.007,1,0,1,0.0,,1.5
2025-08-31 02:08:07,cb5846,Street Parade,proactive,1,0,no_path,0.01,1,0,1,0.0,,1.5
2025-08-31 02:08:07,cb5846,Street Parade,proactive,1,0,no_path,0.011,1,0,1,0.0,,1.5
2025-08-31 02:08:07,cb5846,Street Parade,proactive,1,0,no_path,0.007,1,0,1,0.0,,1.5
2025-08-31 02:08:07,cb5846,Street Parade,proactive,1,0,no_path,0.008,1,0,1,0.0,,1.5
2025-08-31 02:08:07,cb5846,Street Parade,proactive,1,0,no_path,0.007,1,0,1,0.0,,1.5
2025-08-31 02:08:07,cb5846,Street Parade,proactive,1,0,no_path,0.006,1,0,1,0.0,,1.5
2025-08-31 02:08:07,cb5846,Street Parade,proactive,1,0,no_path,0.007,1,0,1,0.0,,1.5
2025-08-31 02:08:08,cb5846,Street Parade,proactive,1,0,no_path,0.007,1,0,1,0.0,,1.5
2025-08-31 02:08:08,cb5846,Street Parade,proactive,1,1,,1.821,91,318,229,9.994,99.941,1.5
2025-08-31 02:08:08,cb5846,Street Parade,proactive,1,1,,1.805,91,318,229,9.994,99.941,1.5
2025-08-31 02:08:09,cb5846,Street Parade,proactive,1,1,,1.452,91,318,229,9.994,99.941,1.5
2025-08-31 02:08:10,cb5846,Street Parade,proactive,1,1,,1.46,91,317,228,9.953,99.527,1.5
2025-08-31 02:08:11,cb5846,Street Parade,proactive,1,1,,1.812,91,317,228,9.953,99.527,1.5
2025-08-31 02:08:12,cb5846,Street Parade,proactive,1,1,,1.428,91,317,228,9.953,99.527,1.5
2025-08-31 02:08:13,cb5846,Street Parade,proactive,1,1,,1.448,91,317,228,9.953,99.527,1.5
2025-08-31 02:08:13,cb5846,Street Parade,proactive,1,1,,1.801,91,317,228,9.953,99.527,1.5
2025-08-31 02:08:14,cb5846,Street Parade,proactive,1,1,,2.079,91,317,228,9.953,99.527,1.5
2025-08-31 02:08:15,cb5846,Street Parade,proactive,1,1,,1.457,90,317,229,9.853,98.527,1.5
2025-08-31 02:08:16,cb5846,Street Parade,proactive,1,1,,1.85,90,317,229,9.853,98.527,1.5
2025-08-31 02:08:17,cb5846,Street Parade,proactive,1,1,,1.809,90,317,229,9.853,98.527,1.5
2025-08-31 02:08:18,cb5846,Street Parade,proactive,1,1,,1.862,90,317,229,9.853,98.527,1.5
2025-08-31 02:08:19,cb5846,Street Parade,proactive,1,1,,1.954,90,317,229,9.853,98.527,1.5
2025-08-31 02:08:19,cb5846,Street Parade,proactive,1,1,,1.452,90,317,229,9.853,98.527,1.5
2025-08-31 02:08:20,cb5846,Street Parade,proactive,1,1,,1.854,90,316,228,9.894,98.941,1.5
2025-08-31 02:08:21,cb5846,Street Parade,proactive,1,1,,1.829,89,316,229,9.794,97.941,1.5
2025-08-31 02:08:22,cb5846,Street Parade,proactive,1,1,,1.814,88,314,228,9.694,96.941,1.5
2025-08-31 02:08:23,cb5846,Street Parade,proactive,1,1,,1.781,87,309,224,9.553,95.527,1.5
2025-08-31 02:08:24,cb5846,Street Parade,proactive,1,1,,1.728,86,306,222,9.453,94.527,1.5
2025-08-31 02:08:24,cb5846,Street Parade,proactive,1,1,,1.793,85,303,220,9.353,93.527,1.5
2025-08-31 02:08:25,cb5846,Street Parade,proactive,1,1,,1.356,84,300,218,9.253,92.527,1.5
2025-08-31 02:08:26,cb5846,Street Parade,proactive,1,1,,1.714,83,297,216,9.153,91.527,1.5
2025-08-31 02:08:27,cb5846,Street Parade,proactive,1,1,,1.406,82,292,212,9.011,90.113,1.5
2025-08-31 13:03:33,cb5846,Magic Show,named,0,1,,40.507,2787,3133,348,16.084,160.841,1.5
2025-08-31 13:03:59,cb5846,Magic Show,stall,1,1,,43.952,2781,3128,349,15.684,156.841,1.5
2025-08-31 13:14:42,cb5846,Musical Fountain,named,0,1,,27.073,1580,2300,722,14.687,146.87,1.5
2025-08-31 13:25:38,cb5846,Water Slide,named,0,1,,2.877,175,533,360,17.524,175.243,1.5
2025-08-31 13:37:27,cb5846,Candy Store,named,0,1,,2.264,136,320,186,12.253,122.527,1.5
2025-08-31 13:37:44,cb5846,Candy Store,stall,1,1,,1.959,133,302,171,11.787,117.87,1.5
2025-08-31 13:47:05,cb5846,Souvenir Shop,named,0,1,,1.839,74,296,224,8.791,87.912,1.5
2025-08-31 14:03:15,cb5846,Toy World,named,0,1,,34.776,2188,2537,351,17.788,177.882,1.5
2025-08-31 15:17:11,cb5846,Water Slide,named,0,1,,470.402,31112,31539,977,37.832,378.321,1.5
2025-08-31 15:17:45,cb5846,Water Slide,stall,1,1,,517.313,33230,33656,1023,37.349,373.492,1.5
